Top pages,Clicks,Impressions,CTR,Position
https://www.sonnenhof-herrsching.de/,105,3626,2.9%,10.95
https://www.sonnenhof-herrsching.de/blog/ausflugsziele-herrsching-ammersee,9,666,1.35%,10.55
https://www.sonnenhof-herrsching.de/blog/familienurlaub-ammersee,7,331,2.11%,10.83
https://www.sonnenhof-herrsching.de/blog/ferienwohnung-ammersee-mit-hund,6,403,1.49%,10.76
https://www.sonnenhof-herrsching.de/impressum,5,45,11.11%,20.38
https://www.sonnenhof-herrsching.de/blog/unterkunft-herrsching-ammersee,1,882,0.11%,13.61
https://www.sonnenhof-herrsching.de/wohnen/ferienwohnungen,1,399,0.25%,30.21
https://www.sonnenhof-herrsching.de/blog/pension-am-ammersee,1,285,0.35%,26.44
https://www.sonnenhof-herrsching.de/wohnen,1,206,0.49%,15.12
https://www.sonnenhof-herrsching.de/datenschutz,1,29,3.45%,42.48
https://www.sonnenhof-herrsching.de/blog/ferienwohnung-fuenfseenland,0,208,0%,21.99
https://www.sonnenhof-herrsching.de/wohnen/zimmer,0,171,0%,22.39
https://www.sonnenhof-herrsching.de/erleben,0,135,0%,23.06
https://www.sonnenhof-herrsching.de/unterkunft/ferienwohnung-ammersee,0,113,0%,30.16
https://www.sonnenhof-herrsching.de/ueber-uns,0,110,0%,19.06
https://www.sonnenhof-herrsching.de/kontakt,0,101,0%,12.96
https://www.sonnenhof-herrsching.de/blog,0,80,0%,36.38
https://www.sonnenhof-herrsching.de/blog/ferienwohnung-muenchen-umgebung,0,73,0%,17.89
https://www.sonnenhof-herrsching.de/unterkunft/doppelzimmer-mit-balkon,0,56,0%,26.41
https://www.sonnenhof-herrsching.de/unterkunft/doppelzimmer-ohne-balkon,0,43,0%,35.63
https://www.sonnenhof-herrsching.de/Preise-Leistungen/,0,21,0%,1.52
https://www.sonnenhof-herrsching.de/_next/image?url=/images/zimmer/doppelzimmer-balkon/dz-balkon-01-zimmer-2.jpg&w=3840&q=75&dpl=dpl_5dQWW4ewCHnGAW4iSj4bFRVSbPni,0,1,0%,18